"51 Chattanooga St, San Francisco, CA 94114, USA"
"633 Hegenberger Rd, Oakland, CA 94621, USA"
"2270 9th Ave, San Francisco, CA 94116, USA"
"2100 Sunnydale Ave, San Francisco, CA 94134, USA"
"1300 Junipero Serra Blvd, San Francisco, CA 94132, USA"
"45 Stanley St, San Francisco, CA 94132, USA"
"210 El Camino Real, South San Francisco, CA 94080, USA"
"651 7th St, Oakland, CA 94607, USA"
"3081 California St, Oakland, CA 94602, USA"
"524 Cedar St, Oakland, CA 94607, USA"
"1 17th Ave, San Francisco, CA 94121, USA"
"823 Peralta Ave, San Francisco, CA 94110, USA"
"245 Estates Dr, Piedmont, CA 94611, USA"
"3241 Gough St, San Francisco, CA 94123, USA"
"1880 Jerrold Ave, San Francisco, CA 94124, USA"
"2128 San Antonio Ave, Alameda, CA 94501, USA"
"271 Dundee Dr, South San Francisco, CA 94080, USA"
"192 N McDonnell Rd, San Francisco, CA 94128, USA"
"1287 Rhode Island St, San Francisco, CA 94107, USA"
"911 Buena Vista Ave W, San Francisco, CA 94117, USA"
"1043 Marin St, San Francisco, CA 94124, USA"
"765 Morse St, San Francisco, CA 94112, USA"
"28 Bannister Way, Alameda, CA 94502, USA"
"7000 Shoreline Ct, South San Francisco, CA 94080, USA"
"63 Montebello Dr, Daly City, CA 94015, USA"
"1513 Great Hwy, San Francisco, CA 94116, USA"
"209 Camaritas Ave, South San Francisco, CA 94080, USA"
"2402 Mariner Square Dr, Alameda, CA 94501, USA"
"1402 E 12th St, Oakland, CA 94606, USA"
"10408 Pippin St, Oakland, CA 94603, USA"
"2623 Mulford Point Dr, San Leandro, CA 94577, USA"
"1744 Sunnydale Ave, San Francisco, CA 94134, USA"
"294 Sea Cliff Ave, San Francisco, CA 94121, USA"
"1208 St Charles St, Alameda, CA 94501, USA"
"2950 Lakeshore Ave, Oakland, CA 94606, USA"
"522 Boulevard Way, Piedmont, CA 94610, USA"
"739 Victoria St, San Francisco, CA 94127, USA"
"2992 E 9th St, Oakland, CA 94601, USA"
"1901 Park Blvd, Oakland, CA 94606, USA"
"13800 Monarch Bay Dr, San Leandro, CA 94577, USA"
"3518 Quigley St, Oakland, CA 94619, USA"
"19th Ave & Winston Dr, San Francisco, CA 94132, USA"
"25 Florence St, Daly City, CA 94014, USA"
"7901 Oakport St, Oakland, CA 94621, USA"
"3933 Brookdale Ave, Oakland, CA 94619, USA"
"3260 Florida St, Oakland, CA 94602, USA"
"3031 Great Hwy, San Francisco, CA 94132, USA"
"1600 Ferro St, Oakland, CA 94607, USA"
"1134 Ballena Blvd, Alameda, CA 94501, USA"
"1206 Mulford Point Dr, San Leandro, CA 94577, USA"
"1301 Harbor Bay Pkwy, Alameda, CA 94502, USA"
"3732 20th St, San Francisco, CA 94110, USA"
"3165 Monterey Blvd, Oakland, CA 94602, USA"
"22 Bridgeview Dr, San Francisco, CA 94124, USA"
"666 Pacheco St, San Francisco, CA 94116, USA"
"835 Cortland Ave, San Francisco, CA 94110, USA"
"650 Imperial Dr, Pacifica, CA 94044, USA"
"3500 Great Hwy, San Francisco, CA 94132, USA"
"2157 Junipero Serra Blvd, Daly City, CA 94014, USA"
"869 Templeton Ave, Daly City, CA 94014, USA"
"2819 Broadway, Oakland, CA 94611, USA"
"498 Terry A Francois Blvd, San Francisco, CA 94158, USA"
"125 Cherry Ave, South San Francisco, CA 94080, USA"
"844 W Orange Ave, South San Francisco, CA 94080, USA"
"371 Shaw Rd, South San Francisco, CA 94080, USA"
"1480 70th Ave, Oakland, CA 94621, USA"
"1287 Ballena Blvd, Alameda, CA 94501, USA"
"853 Ashbury St, San Francisco, CA 94117, USA"
"170 Palisades Dr, Daly City, CA 94015, USA"
"533a 34th St, Oakland, CA 94609, USA"
"6656 Laird Ave, Oakland, CA 94605, USA"
"10063 Empire Rd, Oakland, CA 94603, USA"
"1057 Skyline Blvd, Daly City, CA 94015, USA"
"546 48th Ave, San Francisco, CA 94121, USA"
"4649 Tyrrell St, Oakland, CA 94601, USA"
"150 Font Blvd, San Francisco, CA 94132, USA"
"10 Chenery St, San Francisco, CA 94131, USA"
"2400 Belvedere Ave, San Leandro, CA 94577, USA"
"1351 Great Hwy, San Francisco, CA 94122, USA"
"200 St Joseph's Ave, San Francisco, CA 94115, USA"
"3380 Jordan Rd, Oakland, CA 94602, USA"
"722 Waller St, San Francisco, CA 94117, USA"
"3110 Encinal Ave, Alameda, CA 94501, USA"
"751 Air Cargo Way, Oakland, CA 94621, USA"
"963 Hillcroft Cir, Oakland, CA 94610, USA"
"643 14th St, San Francisco, CA 94114, USA"
"3987 Forest Hill Ave, Oakland, CA 94602, USA"
"3755 McClelland St, Oakland, CA 94619, USA"
"408 Shell Gate Rd, Alameda, CA 94501, USA"
"3256 16th St, San Francisco, CA 94103, USA"
"218 Shaw Rd, South San Francisco, CA 94080, USA"
"1 Pier 50 A, San Francisco, CA 94158, USA"
"650 Delancey St, San Francisco, CA 94107, USA"
"583 John Muir Dr, San Francisco, CA 94132, USA"
"401 Pacific Ave, Alameda, CA 94501, USA"
"292 Ocean Ave, San Francisco, CA 94112, USA"
"2240 Mountain Blvd, Oakland, CA 94611, USA"
"1713 Shore Line Dr, Alameda, CA 94501, USA"
"1851 Monarch St, Alameda, CA 94501, USA"
"1129 Doolittle Dr, Oakland, CA 94603, USA"
